code,rate
USD,1.71160
EUR,1.25858
INR,102.715
AUD,1.81998
CAD,1.83177
ZAR,18.3489
NZD,1.94021
JPY,173.386